                  epoch,         train/box_loss,         train/cls_loss,         train/dfl_loss,   metrics/precision(B),      metrics/recall(B),       metrics/mAP50(B),    metrics/mAP50-95(B),           val/box_loss,           val/cls_loss,           val/dfl_loss,                 lr/pg0,                 lr/pg1,                 lr/pg2
                      1,                   3.21,                 3.5784,                  2.103,                0.00133,                0.00341,                0.00067,                0.00012,                 3.0489,                 3.5991,                 1.6748,                      0,                      0,                      0
                      2,                 3.4499,                 3.5789,                  2.008,                0.00167,                0.00426,                0.00084,                 0.0001,                 3.0465,                 3.5987,                 1.6747,              1.604e-05,              1.604e-05,              1.604e-05
                      3,                 3.1804,                 3.5689,                  2.105,                  0.001,                0.00256,                 0.0005,                  7e-05,                 3.0402,                 3.5996,                 1.6815,              2.416e-05,              2.416e-05,              2.416e-05
                      4,                 3.3366,                 3.5872,                 1.8875,                0.00233,                0.00597,                0.00117,                0.00017,                 3.0284,                 3.5998,                 1.6775,              2.436e-05,              2.436e-05,              2.436e-05
                      5,                 3.0639,                 3.5762,                 1.9336,                0.00267,                0.00682,                0.00134,                0.00018,                  3.023,                  3.601,                 1.6771,              1.664e-05,              1.664e-05,              1.664e-05
