                  epoch,         train/box_loss,         train/cls_loss,         train/dfl_loss,   metrics/precision(B),      metrics/recall(B),       metrics/mAP50(B),    metrics/mAP50-95(B),           val/box_loss,           val/cls_loss,           val/dfl_loss,                 lr/pg0,                 lr/pg1,                 lr/pg2
                      1,                 2.7537,                 3.4742,                 2.2021,                0.03667,                0.36667,                0.02657,                 0.0083,                 2.2646,                 3.4865,                 2.3641,                      0,                      0,                      0
                      2,                 2.9701,                  3.526,                 2.1821,                0.03667,                0.36667,                0.02656,                0.00826,                 2.2408,                 3.4832,                  2.333,              1.604e-05,              1.604e-05,              1.604e-05
                      3,                 2.8601,                 3.4782,                 2.1056,                0.03333,                0.33333,                0.02396,                0.00759,                 2.2241,                 3.4708,                 2.2975,              2.416e-05,              2.416e-05,              2.416e-05
                      4,                 2.9221,                 3.5032,                 2.1437,                0.03667,                0.36667,                0.02578,                0.00836,                 2.2085,                 3.4553,                 2.2687,              2.436e-05,              2.436e-05,              2.436e-05
                      5,                 2.8145,                 3.4878,                 2.0786,                0.03667,                0.36667,                0.02569,                0.00832,                 2.1859,                 3.4481,                 2.2486,              1.664e-05,              1.664e-05,              1.664e-05
