                  epoch,         train/box_loss,         train/cls_loss,         train/dfl_loss,   metrics/precision(B),      metrics/recall(B),       metrics/mAP50(B),    metrics/mAP50-95(B),           val/box_loss,           val/cls_loss,           val/dfl_loss,                 lr/pg0,                 lr/pg1,                 lr/pg2
                      1,                 1.8112,                 1.7872,                 1.4869,                0.67692,                0.62341,                0.67137,                0.29812,                  1.844,                 1.6465,                 1.5094,             0.00066038,             0.00066038,             0.00066038
                      2,                  1.867,                 1.7335,                 1.5074,                0.67366,                 0.5645,                0.60702,                0.26619,                 1.8552,                 1.7495,                  1.563,              0.0011957,              0.0011957,              0.0011957
